sensor_id,target_date,predicted_pm25,hazardous
S01,2026-10-29,158.85,0
S01,2026-10-30,158.85,0
S01,2026-10-31,158.85,0
S01,2026-11-01,158.85,0
S01,2026-11-02,158.85,0
S01,2026-11-03,158.85,0
S01,2026-11-04,158.85,0
S01,2026-11-05,158.85,0
S01,2026-11-06,158.85,0
S01,2026-11-07,158.85,0
S02,2026-10-29,125.22,0
S02,2026-10-30,125.22,0
S02,2026-10-31,125.22,0
S02,2026-11-01,125.22,0
S02,2026-11-02,125.22,0
S02,2026-11-03,125.22,0
S02,2026-11-04,125.22,0
S02,2026-11-05,125.22,0
S02,2026-11-06,125.22,0
S02,2026-11-07,125.22,0
S03,2026-10-29,186.00,1
S03,2026-10-30,186.00,1
S03,2026-10-31,186.00,1
S03,2026-11-01,186.00,1
S03,2026-11-02,186.00,1
S03,2026-11-03,186.00,1
S03,2026-11-04,186.00,1
S03,2026-11-05,186.00,1
S03,2026-11-06,186.00,1
S03,2026-11-07,186.00,1
S04,2026-10-29,129.10,0
S04,2026-10-30,129.10,0
S04,2026-10-31,129.10,0
S04,2026-11-01,129.10,0
S04,2026-11-02,129.10,0
S04,2026-11-03,129.10,0
S04,2026-11-04,129.10,0
S04,2026-11-05,129.10,0
S04,2026-11-06,129.10,0
S04,2026-11-07,129.10,0
S05,2026-10-29,167.50,1
S05,2026-10-30,167.50,1
S05,2026-10-31,167.50,1
S05,2026-11-01,167.50,1
S05,2026-11-02,167.50,1
S05,2026-11-03,167.50,1
S05,2026-11-04,167.50,1
S05,2026-11-05,167.50,1
S05,2026-11-06,167.50,1
S05,2026-11-07,167.50,1
S06,2026-10-29,90.36,0
S06,2026-10-30,90.36,0
S06,2026-10-31,90.36,0
S06,2026-11-01,90.36,0
S06,2026-11-02,90.36,0
S06,2026-11-03,90.36,0
S06,2026-11-04,90.36,0
S06,2026-11-05,90.36,0
S06,2026-11-06,90.36,0
S06,2026-11-07,90.36,0
S07,2026-10-29,165.50,1
S07,2026-10-30,165.50,1
S07,2026-10-31,165.50,1
S07,2026-11-01,165.50,1
S07,2026-11-02,165.50,1
S07,2026-11-03,165.50,1
S07,2026-11-04,165.50,1
S07,2026-11-05,165.50,1
S07,2026-11-06,165.50,1
S07,2026-11-07,165.50,1
S08,2026-10-29,84.45,0
S08,2026-10-30,84.45,0
S08,2026-10-31,84.45,0
S08,2026-11-01,84.45,0
S08,2026-11-02,84.45,0
S08,2026-11-03,84.45,0
S08,2026-11-04,84.45,0
S08,2026-11-05,84.45,0
S08,2026-11-06,84.45,0
S08,2026-11-07,84.45,0
S09,2026-10-29,180.50,1
S09,2026-10-30,180.50,1
S09,2026-10-31,180.50,1
S09,2026-11-01,180.50,1
S09,2026-11-02,180.50,1
S09,2026-11-03,180.50,1
S09,2026-11-04,180.50,1
S09,2026-11-05,180.50,1
S09,2026-11-06,180.50,1
S09,2026-11-07,180.50,1
S10,2026-10-29,130.06,0
S10,2026-10-30,130.06,0
S10,2026-10-31,130.06,0
S10,2026-11-01,130.06,0
S10,2026-11-02,130.06,0
S10,2026-11-03,130.06,0
S10,2026-11-04,130.06,0
S10,2026-11-05,130.06,0
S10,2026-11-06,130.06,0
S10,2026-11-07,130.06,0
S11,2026-10-29,170.00,1
S11,2026-10-30,170.00,1
S11,2026-10-31,170.00,1
S11,2026-11-01,170.00,1
S11,2026-11-02,170.00,1
S11,2026-11-03,170.00,1
S11,2026-11-04,170.00,1
S11,2026-11-05,170.00,1
S11,2026-11-06,170.00,1
S11,2026-11-07,170.00,1
S12,2026-10-29,136.84,0
S12,2026-10-30,136.84,0
S12,2026-10-31,136.84,0
S12,2026-11-01,136.84,0
S12,2026-11-02,136.84,0
S12,2026-11-03,136.84,0
S12,2026-11-04,136.84,0
S12,2026-11-05,136.84,0
S12,2026-11-06,136.84,0
S12,2026-11-07,136.84,0
S13,2026-10-29,185.50,1
S13,2026-10-30,185.50,1
S13,2026-10-31,185.50,1
S13,2026-11-01,185.50,1
S13,2026-11-02,185.50,1
S13,2026-11-03,185.50,1
S13,2026-11-04,185.50,1
S13,2026-11-05,185.50,1
S13,2026-11-06,185.50,1
S13,2026-11-07,185.50,1
S14,2026-10-29,80.68,0
S14,2026-10-30,80.68,0
S14,2026-10-31,80.68,0
S14,2026-11-01,80.68,0
S14,2026-11-02,80.68,0
S14,2026-11-03,80.68,0
S14,2026-11-04,80.68,0
S14,2026-11-05,80.68,0
S14,2026-11-06,80.68,0
S14,2026-11-07,80.68,0
S15,2026-10-29,167.00,1
S15,2026-10-30,167.00,1
S15,2026-10-31,167.00,1
S15,2026-11-01,167.00,1
S15,2026-11-02,167.00,1
S15,2026-11-03,167.00,1
S15,2026-11-04,167.00,1
S15,2026-11-05,167.00,1
S15,2026-11-06,167.00,1
S15,2026-11-07,167.00,1
