sensor_id,timestamp,reading_value
S01,2026-07-01,129.0
S01,2026-07-02,135.0
S01,2026-07-03,160.0
S01,2026-07-04,113.0
S01,2026-07-05,122.0
S01,2026-07-06,74.0
S01,2026-07-07,164.0
S01,2026-07-08,155.0
S01,2026-07-09,152.0
S01,2026-07-10,163.0
S01,2026-07-11,138.0
S01,2026-07-12,229.0
S01,2026-07-13,155.0
S01,2026-07-14,112.0
S01,2026-07-15,126.0
S01,2026-07-16,159.0
S01,2026-07-17,163.0
S01,2026-07-18,158.0
S01,2026-07-19,153.0
S01,2026-07-20,144.0
S01,2026-07-21,144.0
S01,2026-07-22,163.0
S01,2026-07-23,162.0
S01,2026-07-24,158.0
S01,2026-07-25,231.0
S01,2026-07-26,159.0
S01,2026-07-27,159.0
S01,2026-07-28,159.0
S01,2026-07-29,139.0
S01,2026-07-30,168.0
S01,2026-07-31,170.0
S01,2026-08-01,155.0
S01,2026-08-02,151.0
S01,2026-08-03,155.0
S01,2026-08-04,166.0
S01,2026-08-05,162.0
S01,2026-08-06,161.0
S01,2026-08-07,239.0
S01,2026-08-08,163.0
S01,2026-08-09,131.0
S01,2026-08-10,167.0
S01,2026-08-11,155.0
S01,2026-08-12,157.0
S01,2026-08-13,162.0
S01,2026-08-14,172.0
S01,2026-08-15,167.0
S01,2026-08-16,162.0
S01,2026-08-17,165.0
S01,2026-08-18,156.0
S01,2026-08-19,162.0
S01,2026-08-20,242.0
S01,2026-08-21,170.0
S01,2026-08-22,164.0
S01,2026-08-23,162.0
S01,2026-08-24,163.0
S01,2026-08-25,145.0
S01,2026-08-26,166.0
S01,2026-08-27,159.0
S01,2026-08-28,171.0
S01,2026-08-29,166.0
S01,2026-08-30,168.0
S01,2026-08-31,162.0
S01,2026-09-01,167.0
S01,2026-09-02,168.0
S01,2026-09-03,167.0
S01,2026-09-04,177.0
S01,2026-09-05,179.0
S01,2026-09-06,176.0
S01,2026-09-07,162.0
S01,2026-09-08,172.0
S01,2026-09-09,263.0
S01,2026-09-10,179.0
S01,2026-09-11,168.0
S01,2026-09-12,176.0
S01,2026-09-13,164.0
S01,2026-09-14,165.0
S01,2026-09-15,173.0
S01,2026-09-16,164.0
S01,2026-09-17,166.0
S01,2026-09-18,178.0
S01,2026-09-19,176.0
S01,2026-09-20,176.0
S01,2026-09-21,173.0
S01,2026-09-22,172.0
S01,2026-09-23,170.0
S01,2026-09-24,179.0
S01,2026-09-25,242.0
S01,2026-09-26,172.0
S01,2026-09-27,180.0
S01,2026-09-28,180.0
S01,2026-09-29,168.0
S01,2026-09-30,169.0
S01,2026-10-01,182.0
S01,2026-10-02,186.0
S01,2026-10-03,170.0
S01,2026-10-04,170.0
S01,2026-10-05,179.0
S01,2026-10-06,173.0
S01,2026-10-07,195.0
S01,2026-10-08,182.0
S01,2026-10-09,264.0
S01,2026-10-10,-999.0
S01,2026-10-11,279.0
S01,2026-10-12,180.0
S01,2026-10-13,174.0
S01,2026-10-14,185.0
S01,2026-10-15,178.0
S01,2026-10-16,181.0
S01,2026-10-17,186.0
S01,2026-10-18,190.0
S01,2026-10-19,184.0
S01,2026-10-20,179.0
S01,2026-10-21,-999.0
S01,2026-10-22,194.0
S01,2026-10-23,188.0
S01,2026-10-24,186.0
S01,2026-10-25,190.0
S01,2026-10-26,179.0
S01,2026-10-27,182.0
S01,2026-10-28,185.0
S02,2026-07-01,152.0
S02,2026-07-02,170.0
S02,2026-07-03,260.0
S02,2026-07-04,167.0
S02,2026-07-05,160.0
S02,2026-07-06,173.0
S02,2026-07-07,165.0
S02,2026-07-08,157.0
S02,2026-07-09,173.0
S02,2026-07-10,182.0
S02,2026-07-11,165.0
S02,2026-07-12,198.0
S02,2026-07-13,167.0
S02,2026-07-14,170.0
S02,2026-07-15,140.0
S02,2026-07-16,166.0
S02,2026-07-17,184.0
S02,2026-07-18,163.0
S02,2026-07-19,177.0
S02,2026-07-20,157.0
S02,2026-07-21,161.0
S02,2026-07-22,174.0
S02,2026-07-23,175.0
S02,2026-07-24,173.0
S02,2026-07-25,183.0
S02,2026-07-26,163.0
S02,2026-07-27,167.0
S02,2026-07-28,173.0
S02,2026-07-29,175.0
S02,2026-07-30,173.0
S02,2026-07-31,174.0
S02,2026-08-01,181.0
S02,2026-08-02,178.0
S02,2026-08-03,172.0
S02,2026-08-04,166.0
S02,2026-08-05,171.0
S02,2026-08-06,178.0
S02,2026-08-07,180.0
S02,2026-08-08,181.0
S02,2026-08-09,173.0
S02,2026-08-10,177.0
S02,2026-08-11,178.0
S02,2026-08-12,185.0
S02,2026-08-13,181.0
S02,2026-08-14,183.0
S02,2026-08-15,179.0
S02,2026-08-16,171.0
S02,2026-08-17,187.0
S02,2026-08-18,183.0
S02,2026-08-19,184.0
S02,2026-08-20,182.0
S02,2026-08-21,178.0
S02,2026-08-22,188.0
S02,2026-08-23,177.0
S02,2026-08-24,179.0
S02,2026-08-25,174.0
S02,2026-08-26,182.0
S02,2026-08-27,181.0
S02,2026-08-28,183.0
S02,2026-08-29,185.0
S02,2026-08-30,171.0
S02,2026-08-31,170.0
S02,2026-09-01,175.0
S02,2026-09-02,182.0
S02,2026-09-03,192.0
S02,2026-09-04,186.0
S02,2026-09-05,185.0
S02,2026-09-06,180.0
S02,2026-09-07,182.0
S02,2026-09-08,176.0
S02,2026-09-09,184.0
S02,2026-09-10,191.0
S02,2026-09-11,191.0
S02,2026-09-12,188.0
S02,2026-09-13,184.0
S02,2026-09-14,185.0
S02,2026-09-15,197.0
S02,2026-09-16,182.0
S02,2026-09-17,208.0
S02,2026-09-18,186.0
S02,2026-09-19,176.0
S02,2026-09-20,183.0
S02,2026-09-21,186.0
S02,2026-09-22,197.0
S02,2026-09-23,183.0
S02,2026-09-24,195.0
S02,2026-09-25,185.0
S02,2026-09-26,206.0
S02,2026-09-27,195.0
S02,2026-09-28,183.0
S02,2026-09-29,177.0
S02,2026-09-30,199.0
S02,2026-10-01,194.0
S02,2026-10-02,207.0
S02,2026-10-03,193.0
S02,2026-10-04,190.0
S02,2026-10-05,185.0
S02,2026-10-06,193.0
S02,2026-10-07,194.0
S02,2026-10-08,199.0
S02,2026-10-09,188.0
S02,2026-10-10,207.0
S02,2026-10-11,204.0
S02,2026-10-12,191.0
S02,2026-10-13,209.0
S02,2026-10-14,212.0
S02,2026-10-15,205.0
S02,2026-10-16,216.0
S02,2026-10-17,209.0
S02,2026-10-18,183.0
S02,2026-10-19,191.0
S02,2026-10-20,-999.0
S02,2026-10-21,214.0
S02,2026-10-22,192.0
S02,2026-10-23,191.0
S02,2026-10-24,199.0
S02,2026-10-25,183.0
S02,2026-10-26,194.0
S02,2026-10-27,198.0
S02,2026-10-28,193.0
S03,2026-07-01,159.0
S03,2026-07-02,161.0
S03,2026-07-03,161.0
S03,2026-07-04,158.0
S03,2026-07-05,142.0
S03,2026-07-06,165.0
S03,2026-07-07,161.0
S03,2026-07-08,163.0
S03,2026-07-09,164.0
S03,2026-07-10,160.0
S03,2026-07-11,211.0
S03,2026-07-12,152.0
S03,2026-07-13,154.0
S03,2026-07-14,158.0
S03,2026-07-15,170.0
S03,2026-07-16,171.0
S03,2026-07-17,183.0
S03,2026-07-18,172.0
S03,2026-07-19,160.0
S03,2026-07-20,157.0
S03,2026-07-21,145.0
S03,2026-07-22,171.0
S03,2026-07-23,167.0
S03,2026-07-24,168.0
S03,2026-07-25,166.0
S03,2026-07-26,162.0
S03,2026-07-27,132.0
S03,2026-07-28,168.0
S03,2026-07-29,170.0
S03,2026-07-30,170.0
S03,2026-07-31,167.0
S03,2026-08-01,167.0
S03,2026-08-02,179.0
S03,2026-08-03,175.0
S03,2026-08-04,162.0
S03,2026-08-05,163.0
S03,2026-08-06,170.0
S03,2026-08-07,172.0
S03,2026-08-08,165.0
S03,2026-08-09,170.0
S03,2026-08-10,166.0
S03,2026-08-11,165.0
S03,2026-08-12,168.0
S03,2026-08-13,179.0
S03,2026-08-14,171.0
S03,2026-08-15,189.0
S03,2026-08-16,172.0
S03,2026-08-17,169.0
S03,2026-08-18,173.0
S03,2026-08-19,183.0
S03,2026-08-20,173.0
S03,2026-08-21,181.0
S03,2026-08-22,179.0
S03,2026-08-23,179.0
S03,2026-08-24,169.0
S03,2026-08-25,178.0
S03,2026-08-26,171.0
S03,2026-08-27,165.0
S03,2026-08-28,170.0
S03,2026-08-29,178.0
S03,2026-08-30,180.0
S03,2026-08-31,173.0
S03,2026-09-01,175.0
S03,2026-09-02,181.0
S03,2026-09-03,184.0
S03,2026-09-04,190.0
S03,2026-09-05,177.0
S03,2026-09-06,179.0
S03,2026-09-07,184.0
S03,2026-09-08,178.0
S03,2026-09-09,187.0
S03,2026-09-10,180.0
S03,2026-09-11,190.0
S03,2026-09-12,188.0
S03,2026-09-13,168.0
S03,2026-09-14,178.0
S03,2026-09-15,179.0
S03,2026-09-16,186.0
S03,2026-09-17,186.0
S03,2026-09-18,322.0
S03,2026-09-19,185.0
S03,2026-09-20,185.0
S03,2026-09-21,174.0
S03,2026-09-22,183.0
S03,2026-09-23,193.0
S03,2026-09-24,184.0
S03,2026-09-25,182.0
S03,2026-09-26,185.0
S03,2026-09-27,183.0
S03,2026-09-28,187.0
S03,2026-09-29,181.0
S03,2026-09-30,257.0
S03,2026-10-01,194.0
S03,2026-10-02,175.0
S03,2026-10-03,196.0
S03,2026-10-04,179.0
S03,2026-10-05,176.0
S03,2026-10-06,183.0
S03,2026-10-07,192.0
S03,2026-10-08,190.0
S03,2026-10-09,185.0
S03,2026-10-10,193.0
S03,2026-10-11,182.0
S03,2026-10-12,184.0
S03,2026-10-13,181.0
S03,2026-10-14,190.0
S03,2026-10-15,192.0
S03,2026-10-16,195.0
S03,2026-10-17,216.0
S03,2026-10-18,182.0
S03,2026-10-19,195.0
S03,2026-10-20,171.0
S03,2026-10-21,184.0
S03,2026-10-22,196.0
S03,2026-10-23,195.0
S03,2026-10-24,197.0
S03,2026-10-25,188.0
S03,2026-10-26,188.0
S03,2026-10-27,189.0
S03,2026-10-28,193.0
S04,2026-07-01,153.0
S04,2026-07-02,166.0
S04,2026-07-03,149.0
S04,2026-07-04,162.0
S04,2026-07-05,109.0
S04,2026-07-06,164.0
S04,2026-07-07,151.0
S04,2026-07-08,160.0
S04,2026-07-09,162.0
S04,2026-07-10,216.0
S04,2026-07-11,174.0
S04,2026-07-12,161.0
S04,2026-07-13,132.0
S04,2026-07-14,242.0
S04,2026-07-15,161.0
S04,2026-07-16,157.0
S04,2026-07-17,171.0
S04,2026-07-18,212.0
S04,2026-07-19,169.0
S04,2026-07-20,167.0
S04,2026-07-21,157.0
S04,2026-07-22,167.0
S04,2026-07-23,163.0
S04,2026-07-24,168.0
S04,2026-07-25,155.0
S04,2026-07-26,156.0
S04,2026-07-27,163.0
S04,2026-07-28,143.0
S04,2026-07-29,164.0
S04,2026-07-30,225.0
S04,2026-07-31,165.0
S04,2026-08-01,167.0
S04,2026-08-02,170.0
S04,2026-08-03,157.0
S04,2026-08-04,162.0
S04,2026-08-05,177.0
S04,2026-08-06,174.0
S04,2026-08-07,167.0
S04,2026-08-08,172.0
S04,2026-08-09,155.0
S04,2026-08-10,163.0
S04,2026-08-11,168.0
S04,2026-08-12,170.0
S04,2026-08-13,175.0
S04,2026-08-14,178.0
S04,2026-08-15,173.0
S04,2026-08-16,170.0
S04,2026-08-17,166.0
S04,2026-08-18,160.0
S04,2026-08-19,176.0
S04,2026-08-20,173.0
S04,2026-08-21,179.0
S04,2026-08-22,178.0
S04,2026-08-23,166.0
S04,2026-08-24,164.0
S04,2026-08-25,166.0
S04,2026-08-26,180.0
S04,2026-08-27,170.0
S04,2026-08-28,185.0
S04,2026-08-29,176.0
S04,2026-08-30,173.0
S04,2026-08-31,273.0
S04,2026-09-01,175.0
S04,2026-09-02,174.0
S04,2026-09-03,185.0
S04,2026-09-04,174.0
S04,2026-09-05,182.0
S04,2026-09-06,175.0
S04,2026-09-07,161.0
S04,2026-09-08,161.0
S04,2026-09-09,174.0
S04,2026-09-10,174.0
S04,2026-09-11,168.0
S04,2026-09-12,171.0
S04,2026-09-13,174.0
S04,2026-09-14,168.0
S04,2026-09-15,189.0
S04,2026-09-16,174.0
S04,2026-09-17,-999.0
S04,2026-09-18,192.0
S04,2026-09-19,177.0
S04,2026-09-20,173.0
S04,2026-09-21,172.0
S04,2026-09-22,175.0
S04,2026-09-23,177.0
S04,2026-09-24,176.0
S04,2026-09-25,186.0
S04,2026-09-26,180.0
S04,2026-09-27,194.0
S04,2026-09-28,183.0
S04,2026-09-29,176.0
S04,2026-09-30,-999.0
S04,2026-10-01,189.0
S04,2026-10-02,193.0
S04,2026-10-03,174.0
S04,2026-10-04,173.0
S04,2026-10-05,174.0
S04,2026-10-06,180.0
S04,2026-10-07,162.0
S04,2026-10-08,182.0
S04,2026-10-09,196.0
S04,2026-10-10,179.0
S04,2026-10-11,185.0
S04,2026-10-12,183.0
S04,2026-10-13,185.0
S04,2026-10-14,190.0
S04,2026-10-15,195.0
S04,2026-10-16,200.0
S04,2026-10-17,186.0
S04,2026-10-18,180.0
S04,2026-10-19,186.0
S04,2026-10-20,262.0
S04,2026-10-21,189.0
S04,2026-10-22,191.0
S04,2026-10-23,196.0
S04,2026-10-24,208.0
S04,2026-10-25,189.0
S04,2026-10-26,195.0
S04,2026-10-27,190.0
S04,2026-10-28,191.0
S05,2026-07-01,85.0
S05,2026-07-02,130.0
S05,2026-07-03,156.0
S05,2026-07-04,155.0
S05,2026-07-05,109.0
S05,2026-07-06,76.0
S05,2026-07-07,78.0
S05,2026-07-08,157.0
S05,2026-07-09,156.0
S05,2026-07-10,144.0
S05,2026-07-11,143.0
S05,2026-07-12,119.0
S05,2026-07-13,131.0
S05,2026-07-14,120.0
S05,2026-07-15,153.0
S05,2026-07-16,156.0
S05,2026-07-17,224.0
S05,2026-07-18,153.0
S05,2026-07-19,132.0
S05,2026-07-20,155.0
S05,2026-07-21,111.0
S05,2026-07-22,162.0
S05,2026-07-23,155.0
S05,2026-07-24,149.0
S05,2026-07-25,189.0
S05,2026-07-26,89.0
S05,2026-07-27,163.0
S05,2026-07-28,125.0
S05,2026-07-29,155.0
S05,2026-07-30,159.0
S05,2026-07-31,155.0
S05,2026-08-01,153.0
S05,2026-08-02,167.0
S05,2026-08-03,144.0
S05,2026-08-04,124.0
S05,2026-08-05,193.0
S05,2026-08-06,152.0
S05,2026-08-07,-999.0
S05,2026-08-08,153.0
S05,2026-08-09,157.0
S05,2026-08-10,250.0
S05,2026-08-11,159.0
S05,2026-08-12,168.0
S05,2026-08-13,162.0
S05,2026-08-14,157.0
S05,2026-08-15,166.0
S05,2026-08-16,156.0
S05,2026-08-17,160.0
S05,2026-08-18,157.0
S05,2026-08-19,172.0
S05,2026-08-20,155.0
S05,2026-08-21,160.0
S05,2026-08-22,179.0
S05,2026-08-23,157.0
S05,2026-08-24,140.0
S05,2026-08-25,160.0
S05,2026-08-26,167.0
S05,2026-08-27,163.0
S05,2026-08-28,153.0
S05,2026-08-29,157.0
S05,2026-08-30,146.0
S05,2026-08-31,170.0
S05,2026-09-01,139.0
S05,2026-09-02,159.0
S05,2026-09-03,169.0
S05,2026-09-04,159.0
S05,2026-09-05,167.0
S05,2026-09-06,157.0
S05,2026-09-07,162.0
S05,2026-09-08,159.0
S05,2026-09-09,163.0
S05,2026-09-10,174.0
S05,2026-09-11,162.0
S05,2026-09-12,169.0
S05,2026-09-13,169.0
S05,2026-09-14,154.0
S05,2026-09-15,153.0
S05,2026-09-16,165.0
S05,2026-09-17,157.0
S05,2026-09-18,172.0
S05,2026-09-19,173.0
S05,2026-09-20,157.0
S05,2026-09-21,169.0
S05,2026-09-22,172.0
S05,2026-09-23,171.0
S05,2026-09-24,180.0
S05,2026-09-25,171.0
S05,2026-09-26,168.0
S05,2026-09-27,167.0
S05,2026-09-28,159.0
S05,2026-09-29,163.0
S05,2026-09-30,170.0
S05,2026-10-01,175.0
S05,2026-10-02,178.0
S05,2026-10-03,160.0
S05,2026-10-04,188.0
S05,2026-10-05,162.0
S05,2026-10-06,173.0
S05,2026-10-07,174.0
S05,2026-10-08,-999.0
S05,2026-10-09,180.0
S05,2026-10-10,169.0
S05,2026-10-11,171.0
S05,2026-10-12,182.0
S05,2026-10-13,168.0
S05,2026-10-14,175.0
S05,2026-10-15,171.0
S05,2026-10-16,183.0
S05,2026-10-17,172.0
S05,2026-10-18,175.0
S05,2026-10-19,178.0
S05,2026-10-20,171.0
S05,2026-10-21,180.0
S05,2026-10-22,182.0
S05,2026-10-23,187.0
S05,2026-10-24,182.0
S05,2026-10-25,184.0
S05,2026-10-26,172.0
S05,2026-10-27,167.0
S05,2026-10-28,168.0
S06,2026-07-01,139.0
S06,2026-07-02,152.0
S06,2026-07-03,133.0
S06,2026-07-04,143.0
S06,2026-07-05,110.0
S06,2026-07-06,123.0
S06,2026-07-07,87.0
S06,2026-07-08,99.0
S06,2026-07-09,90.0
S06,2026-07-10,153.0
S06,2026-07-11,123.0
S06,2026-07-12,81.0
S06,2026-07-13,89.0
S06,2026-07-14,137.0
S06,2026-07-15,143.0
S06,2026-07-16,127.0
S06,2026-07-17,162.0
S06,2026-07-18,148.0
S06,2026-07-19,149.0
S06,2026-07-20,130.0
S06,2026-07-21,122.0
S06,2026-07-22,153.0
S06,2026-07-23,161.0
S06,2026-07-24,153.0
S06,2026-07-25,158.0
S06,2026-07-26,124.0
S06,2026-07-27,159.0
S06,2026-07-28,116.0
S06,2026-07-29,166.0
S06,2026-07-30,137.0
S06,2026-07-31,155.0
S06,2026-08-01,-999.0
S06,2026-08-02,158.0
S06,2026-08-03,163.0
S06,2026-08-04,147.0
S06,2026-08-05,170.0
S06,2026-08-06,153.0
S06,2026-08-07,169.0
S06,2026-08-08,161.0
S06,2026-08-09,164.0
S06,2026-08-10,137.0
S06,2026-08-11,129.0
S06,2026-08-12,157.0
S06,2026-08-13,155.0
S06,2026-08-14,162.0
S06,2026-08-15,142.0
S06,2026-08-16,114.0
S06,2026-08-17,156.0
S06,2026-08-18,165.0
S06,2026-08-19,161.0
S06,2026-08-20,165.0
S06,2026-08-21,163.0
S06,2026-08-22,162.0
S06,2026-08-23,140.0
S06,2026-08-24,151.0
S06,2026-08-25,164.0
S06,2026-08-26,154.0
S06,2026-08-27,162.0
S06,2026-08-28,172.0
S06,2026-08-29,164.0
S06,2026-08-30,161.0
S06,2026-08-31,156.0
S06,2026-09-01,163.0
S06,2026-09-02,168.0
S06,2026-09-03,161.0
S06,2026-09-04,159.0
S06,2026-09-05,154.0
S06,2026-09-06,165.0
S06,2026-09-07,162.0
S06,2026-09-08,176.0
S06,2026-09-09,165.0
S06,2026-09-10,167.0
S06,2026-09-11,171.0
S06,2026-09-12,169.0
S06,2026-09-13,163.0
S06,2026-09-14,157.0
S06,2026-09-15,163.0
S06,2026-09-16,166.0
S06,2026-09-17,170.0
S06,2026-09-18,176.0
S06,2026-09-19,169.0
S06,2026-09-20,158.0
S06,2026-09-21,201.0
S06,2026-09-22,164.0
S06,2026-09-23,171.0
S06,2026-09-24,172.0
S06,2026-09-25,155.0
S06,2026-09-26,173.0
S06,2026-09-27,171.0
S06,2026-09-28,158.0
S06,2026-09-29,163.0
S06,2026-09-30,170.0
S06,2026-10-01,170.0
S06,2026-10-02,172.0
S06,2026-10-03,175.0
S06,2026-10-04,166.0
S06,2026-10-05,158.0
S06,2026-10-06,174.0
S06,2026-10-07,-999.0
S06,2026-10-08,174.0
S06,2026-10-09,174.0
S06,2026-10-10,168.0
S06,2026-10-11,251.0
S06,2026-10-12,174.0
S06,2026-10-13,167.0
S06,2026-10-14,177.0
S06,2026-10-15,178.0
S06,2026-10-16,182.0
S06,2026-10-17,184.0
S06,2026-10-18,173.0
S06,2026-10-19,169.0
S06,2026-10-20,167.0
S06,2026-10-21,168.0
S06,2026-10-22,170.0
S06,2026-10-23,177.0
S06,2026-10-24,185.0
S06,2026-10-25,180.0
S06,2026-10-26,171.0
S06,2026-10-27,188.0
S06,2026-10-28,174.0
S07,2026-07-01,115.0
S07,2026-07-02,103.0
S07,2026-07-03,147.0
S07,2026-07-04,153.0
S07,2026-07-05,112.0
S07,2026-07-06,71.0
S07,2026-07-07,84.0
S07,2026-07-08,118.0
S07,2026-07-09,156.0
S07,2026-07-10,160.0
S07,2026-07-11,104.0
S07,2026-07-12,124.0
S07,2026-07-13,88.0
S07,2026-07-14,75.0
S07,2026-07-15,143.0
S07,2026-07-16,147.0
S07,2026-07-17,152.0
S07,2026-07-18,134.0
S07,2026-07-19,132.0
S07,2026-07-20,121.0
S07,2026-07-21,143.0
S07,2026-07-22,111.0
S07,2026-07-23,157.0
S07,2026-07-24,157.0
S07,2026-07-25,153.0
S07,2026-07-26,133.0
S07,2026-07-27,120.0
S07,2026-07-28,126.0
S07,2026-07-29,146.0
S07,2026-07-30,118.0
S07,2026-07-31,169.0
S07,2026-08-01,159.0
S07,2026-08-02,160.0
S07,2026-08-03,151.0
S07,2026-08-04,119.0
S07,2026-08-05,199.0
S07,2026-08-06,154.0
S07,2026-08-07,151.0
S07,2026-08-08,165.0
S07,2026-08-09,154.0
S07,2026-08-10,157.0
S07,2026-08-11,213.0
S07,2026-08-12,121.0
S07,2026-08-13,148.0
S07,2026-08-14,153.0
S07,2026-08-15,115.0
S07,2026-08-16,110.0
S07,2026-08-17,-999.0
S07,2026-08-18,160.0
S07,2026-08-19,152.0
S07,2026-08-20,173.0
S07,2026-08-21,159.0
S07,2026-08-22,170.0
S07,2026-08-23,167.0
S07,2026-08-24,142.0
S07,2026-08-25,159.0
S07,2026-08-26,159.0
S07,2026-08-27,159.0
S07,2026-08-28,123.0
S07,2026-08-29,165.0
S07,2026-08-30,152.0
S07,2026-08-31,154.0
S07,2026-09-01,157.0
S07,2026-09-02,163.0
S07,2026-09-03,161.0
S07,2026-09-04,166.0
S07,2026-09-05,170.0
S07,2026-09-06,132.0
S07,2026-09-07,185.0
S07,2026-09-08,151.0
S07,2026-09-09,163.0
S07,2026-09-10,154.0
S07,2026-09-11,164.0
S07,2026-09-12,155.0
S07,2026-09-13,164.0
S07,2026-09-14,156.0
S07,2026-09-15,160.0
S07,2026-09-16,175.0
S07,2026-09-17,164.0
S07,2026-09-18,171.0
S07,2026-09-19,171.0
S07,2026-09-20,171.0
S07,2026-09-21,161.0
S07,2026-09-22,161.0
S07,2026-09-23,164.0
S07,2026-09-24,172.0
S07,2026-09-25,180.0
S07,2026-09-26,167.0
S07,2026-09-27,146.0
S07,2026-09-28,169.0
S07,2026-09-29,165.0
S07,2026-09-30,171.0
S07,2026-10-01,162.0
S07,2026-10-02,169.0
S07,2026-10-03,175.0
S07,2026-10-04,159.0
S07,2026-10-05,168.0
S07,2026-10-06,-999.0
S07,2026-10-07,165.0
S07,2026-10-08,168.0
S07,2026-10-09,168.0
S07,2026-10-10,173.0
S07,2026-10-11,170.0
S07,2026-10-12,165.0
S07,2026-10-13,162.0
S07,2026-10-14,154.0
S07,2026-10-15,178.0
S07,2026-10-16,182.0
S07,2026-10-17,178.0
S07,2026-10-18,184.0
S07,2026-10-19,168.0
S07,2026-10-20,179.0
S07,2026-10-21,170.0
S07,2026-10-22,172.0
S07,2026-10-23,179.0
S07,2026-10-24,186.0
S07,2026-10-25,171.0
S07,2026-10-26,161.0
S07,2026-10-27,178.0
S07,2026-10-28,175.0
S08,2026-07-01,161.0
S08,2026-07-02,164.0
S08,2026-07-03,161.0
S08,2026-07-04,168.0
S08,2026-07-05,162.0
S08,2026-07-06,169.0
S08,2026-07-07,155.0
S08,2026-07-08,167.0
S08,2026-07-09,176.0
S08,2026-07-10,185.0
S08,2026-07-11,169.0
S08,2026-07-12,162.0
S08,2026-07-13,163.0
S08,2026-07-14,171.0
S08,2026-07-15,175.0
S08,2026-07-16,170.0
S08,2026-07-17,179.0
S08,2026-07-18,169.0
S08,2026-07-19,171.0
S08,2026-07-20,168.0
S08,2026-07-21,163.0
S08,2026-07-22,163.0
S08,2026-07-23,180.0
S08,2026-07-24,183.0
S08,2026-07-25,174.0
S08,2026-07-26,168.0
S08,2026-07-27,159.0
S08,2026-07-28,175.0
S08,2026-07-29,172.0
S08,2026-07-30,173.0
S08,2026-07-31,181.0
S08,2026-08-01,165.0
S08,2026-08-02,219.0
S08,2026-08-03,164.0
S08,2026-08-04,174.0
S08,2026-08-05,177.0
S08,2026-08-06,178.0
S08,2026-08-07,181.0
S08,2026-08-08,165.0
S08,2026-08-09,158.0
S08,2026-08-10,172.0
S08,2026-08-11,171.0
S08,2026-08-12,173.0
S08,2026-08-13,181.0
S08,2026-08-14,181.0
S08,2026-08-15,288.0
S08,2026-08-16,168.0
S08,2026-08-17,179.0
S08,2026-08-18,175.0
S08,2026-08-19,188.0
S08,2026-08-20,180.0
S08,2026-08-21,179.0
S08,2026-08-22,173.0
S08,2026-08-23,169.0
S08,2026-08-24,180.0
S08,2026-08-25,186.0
S08,2026-08-26,178.0
S08,2026-08-27,269.0
S08,2026-08-28,179.0
S08,2026-08-29,182.0
S08,2026-08-30,180.0
S08,2026-08-31,180.0
S08,2026-09-01,181.0
S08,2026-09-02,197.0
S08,2026-09-03,193.0
S08,2026-09-04,183.0
S08,2026-09-05,196.0
S08,2026-09-06,173.0
S08,2026-09-07,-999.0
S08,2026-09-08,184.0
S08,2026-09-09,181.0
S08,2026-09-10,171.0
S08,2026-09-11,196.0
S08,2026-09-12,189.0
S08,2026-09-13,181.0
S08,2026-09-14,179.0
S08,2026-09-15,180.0
S08,2026-09-16,172.0
S08,2026-09-17,183.0
S08,2026-09-18,242.0
S08,2026-09-19,185.0
S08,2026-09-20,179.0
S08,2026-09-21,170.0
S08,2026-09-22,184.0
S08,2026-09-23,188.0
S08,2026-09-24,185.0
S08,2026-09-25,198.0
S08,2026-09-26,189.0
S08,2026-09-27,182.0
S08,2026-09-28,175.0
S08,2026-09-29,187.0
S08,2026-09-30,192.0
S08,2026-10-01,189.0
S08,2026-10-02,194.0
S08,2026-10-03,203.0
S08,2026-10-04,194.0
S08,2026-10-05,173.0
S08,2026-10-06,183.0
S08,2026-10-07,190.0
S08,2026-10-08,195.0
S08,2026-10-09,196.0
S08,2026-10-10,196.0
S08,2026-10-11,189.0
S08,2026-10-12,188.0
S08,2026-10-13,195.0
S08,2026-10-14,194.0
S08,2026-10-15,274.0
S08,2026-10-16,198.0
S08,2026-10-17,224.0
S08,2026-10-18,189.0
S08,2026-10-19,178.0
S08,2026-10-20,196.0
S08,2026-10-21,198.0
S08,2026-10-22,-999.0
S08,2026-10-23,193.0
S08,2026-10-24,190.0
S08,2026-10-25,197.0
S08,2026-10-26,195.0
S08,2026-10-27,182.0
S08,2026-10-28,192.0
S09,2026-07-01,156.0
S09,2026-07-02,161.0
S09,2026-07-03,158.0
S09,2026-07-04,158.0
S09,2026-07-05,202.0
S09,2026-07-06,153.0
S09,2026-07-07,113.0
S09,2026-07-08,156.0
S09,2026-07-09,161.0
S09,2026-07-10,164.0
S09,2026-07-11,151.0
S09,2026-07-12,136.0
S09,2026-07-13,156.0
S09,2026-07-14,141.0
S09,2026-07-15,159.0
S09,2026-07-16,171.0
S09,2026-07-17,157.0
S09,2026-07-18,157.0
S09,2026-07-19,165.0
S09,2026-07-20,126.0
S09,2026-07-21,157.0
S09,2026-07-22,176.0
S09,2026-07-23,167.0
S09,2026-07-24,172.0
S09,2026-07-25,162.0
S09,2026-07-26,153.0
S09,2026-07-27,145.0
S09,2026-07-28,162.0
S09,2026-07-29,166.0
S09,2026-07-30,178.0
S09,2026-07-31,166.0
S09,2026-08-01,168.0
S09,2026-08-02,162.0
S09,2026-08-03,154.0
S09,2026-08-04,164.0
S09,2026-08-05,172.0
S09,2026-08-06,173.0
S09,2026-08-07,166.0
S09,2026-08-08,-999.0
S09,2026-08-09,164.0
S09,2026-08-10,171.0
S09,2026-08-11,162.0
S09,2026-08-12,175.0
S09,2026-08-13,170.0
S09,2026-08-14,-999.0
S09,2026-08-15,177.0
S09,2026-08-16,179.0
S09,2026-08-17,164.0
S09,2026-08-18,164.0
S09,2026-08-19,165.0
S09,2026-08-20,168.0
S09,2026-08-21,272.0
S09,2026-08-22,178.0
S09,2026-08-23,261.0
S09,2026-08-24,170.0
S09,2026-08-25,173.0
S09,2026-08-26,176.0
S09,2026-08-27,183.0
S09,2026-08-28,172.0
S09,2026-08-29,176.0
S09,2026-08-30,161.0
S09,2026-08-31,159.0
S09,2026-09-01,171.0
S09,2026-09-02,173.0
S09,2026-09-03,178.0
S09,2026-09-04,182.0
S09,2026-09-05,185.0
S09,2026-09-06,173.0
S09,2026-09-07,170.0
S09,2026-09-08,168.0
S09,2026-09-09,181.0
S09,2026-09-10,175.0
S09,2026-09-11,179.0
S09,2026-09-12,182.0
S09,2026-09-13,176.0
S09,2026-09-14,173.0
S09,2026-09-15,169.0
S09,2026-09-16,180.0
S09,2026-09-17,195.0
S09,2026-09-18,174.0
S09,2026-09-19,174.0
S09,2026-09-20,182.0
S09,2026-09-21,177.0
S09,2026-09-22,185.0
S09,2026-09-23,175.0
S09,2026-09-24,-999.0
S09,2026-09-25,186.0
S09,2026-09-26,177.0
S09,2026-09-27,175.0
S09,2026-09-28,177.0
S09,2026-09-29,173.0
S09,2026-09-30,189.0
S09,2026-10-01,190.0
S09,2026-10-02,183.0
S09,2026-10-03,183.0
S09,2026-10-04,187.0
S09,2026-10-05,179.0
S09,2026-10-06,193.0
S09,2026-10-07,187.0
S09,2026-10-08,182.0
S09,2026-10-09,182.0
S09,2026-10-10,193.0
S09,2026-10-11,180.0
S09,2026-10-12,182.0
S09,2026-10-13,165.0
S09,2026-10-14,186.0
S09,2026-10-15,181.0
S09,2026-10-16,182.0
S09,2026-10-17,-999.0
S09,2026-10-18,183.0
S09,2026-10-19,181.0
S09,2026-10-20,197.0
S09,2026-10-21,194.0
S09,2026-10-22,203.0
S09,2026-10-23,201.0
S09,2026-10-24,195.0
S09,2026-10-25,197.0
S09,2026-10-26,180.0
S09,2026-10-27,181.0
S09,2026-10-28,181.0
S10,2026-07-01,157.0
S10,2026-07-02,217.0
S10,2026-07-03,164.0
S10,2026-07-04,171.0
S10,2026-07-05,159.0
S10,2026-07-06,240.0
S10,2026-07-07,161.0
S10,2026-07-08,165.0
S10,2026-07-09,162.0
S10,2026-07-10,164.0
S10,2026-07-11,174.0
S10,2026-07-12,159.0
S10,2026-07-13,161.0
S10,2026-07-14,159.0
S10,2026-07-15,-999.0
S10,2026-07-16,162.0
S10,2026-07-17,170.0
S10,2026-07-18,174.0
S10,2026-07-19,154.0
S10,2026-07-20,170.0
S10,2026-07-21,165.0
S10,2026-07-22,163.0
S10,2026-07-23,170.0
S10,2026-07-24,173.0
S10,2026-07-25,161.0
S10,2026-07-26,163.0
S10,2026-07-27,162.0
S10,2026-07-28,153.0
S10,2026-07-29,172.0
S10,2026-07-30,166.0
S10,2026-07-31,168.0
S10,2026-08-01,169.0
S10,2026-08-02,169.0
S10,2026-08-03,166.0
S10,2026-08-04,165.0
S10,2026-08-05,-999.0
S10,2026-08-06,168.0
S10,2026-08-07,174.0
S10,2026-08-08,175.0
S10,2026-08-09,164.0
S10,2026-08-10,166.0
S10,2026-08-11,-999.0
S10,2026-08-12,170.0
S10,2026-08-13,166.0
S10,2026-08-14,184.0
S10,2026-08-15,181.0
S10,2026-08-16,213.0
S10,2026-08-17,178.0
S10,2026-08-18,161.0
S10,2026-08-19,176.0
S10,2026-08-20,173.0
S10,2026-08-21,258.0
S10,2026-08-22,170.0
S10,2026-08-23,174.0
S10,2026-08-24,162.0
S10,2026-08-25,161.0
S10,2026-08-26,175.0
S10,2026-08-27,182.0
S10,2026-08-28,182.0
S10,2026-08-29,167.0
S10,2026-08-30,170.0
S10,2026-08-31,168.0
S10,2026-09-01,164.0
S10,2026-09-02,177.0
S10,2026-09-03,181.0
S10,2026-09-04,180.0
S10,2026-09-05,170.0
S10,2026-09-06,188.0
S10,2026-09-07,169.0
S10,2026-09-08,181.0
S10,2026-09-09,187.0
S10,2026-09-10,180.0
S10,2026-09-11,186.0
S10,2026-09-12,173.0
S10,2026-09-13,176.0
S10,2026-09-14,179.0
S10,2026-09-15,177.0
S10,2026-09-16,185.0
S10,2026-09-17,181.0
S10,2026-09-18,191.0
S10,2026-09-19,177.0
S10,2026-09-20,183.0
S10,2026-09-21,174.0
S10,2026-09-22,169.0
S10,2026-09-23,187.0
S10,2026-09-24,170.0
S10,2026-09-25,183.0
S10,2026-09-26,179.0
S10,2026-09-27,189.0
S10,2026-09-28,185.0
S10,2026-09-29,174.0
S10,2026-09-30,177.0
S10,2026-10-01,185.0
S10,2026-10-02,182.0
S10,2026-10-03,196.0
S10,2026-10-04,173.0
S10,2026-10-05,193.0
S10,2026-10-06,185.0
S10,2026-10-07,190.0
S10,2026-10-08,191.0
S10,2026-10-09,181.0
S10,2026-10-10,194.0
S10,2026-10-11,186.0
S10,2026-10-12,178.0
S10,2026-10-13,192.0
S10,2026-10-14,195.0
S10,2026-10-15,199.0
S10,2026-10-16,199.0
S10,2026-10-17,188.0
S10,2026-10-18,191.0
S10,2026-10-19,192.0
S10,2026-10-20,193.0
S10,2026-10-21,176.0
S10,2026-10-22,194.0
S10,2026-10-23,303.0
S10,2026-10-24,314.0
S10,2026-10-25,189.0
S10,2026-10-26,191.0
S10,2026-10-27,190.0
S10,2026-10-28,202.0
S11,2026-07-01,139.0
S11,2026-07-02,77.0
S11,2026-07-03,104.0
S11,2026-07-04,110.0
S11,2026-07-05,152.0
S11,2026-07-06,74.0
S11,2026-07-07,111.0
S11,2026-07-08,107.0
S11,2026-07-09,94.0
S11,2026-07-10,149.0
S11,2026-07-11,116.0
S11,2026-07-12,93.0
S11,2026-07-13,65.0
S11,2026-07-14,107.0
S11,2026-07-15,154.0
S11,2026-07-16,120.0
S11,2026-07-17,110.0
S11,2026-07-18,86.0
S11,2026-07-19,71.0
S11,2026-07-20,105.0
S11,2026-07-21,117.0
S11,2026-07-22,142.0
S11,2026-07-23,145.0
S11,2026-07-24,153.0
S11,2026-07-25,159.0
S11,2026-07-26,239.0
S11,2026-07-27,142.0
S11,2026-07-28,90.0
S11,2026-07-29,107.0
S11,2026-07-30,130.0
S11,2026-07-31,157.0
S11,2026-08-01,154.0
S11,2026-08-02,155.0
S11,2026-08-03,216.0
S11,2026-08-04,123.0
S11,2026-08-05,102.0
S11,2026-08-06,152.0
S11,2026-08-07,158.0
S11,2026-08-08,137.0
S11,2026-08-09,142.0
S11,2026-08-10,91.0
S11,2026-08-11,129.0
S11,2026-08-12,153.0
S11,2026-08-13,156.0
S11,2026-08-14,162.0
S11,2026-08-15,143.0
S11,2026-08-16,198.0
S11,2026-08-17,154.0
S11,2026-08-18,125.0
S11,2026-08-19,144.0
S11,2026-08-20,163.0
S11,2026-08-21,169.0
S11,2026-08-22,161.0
S11,2026-08-23,157.0
S11,2026-08-24,155.0
S11,2026-08-25,125.0
S11,2026-08-26,152.0
S11,2026-08-27,161.0
S11,2026-08-28,168.0
S11,2026-08-29,174.0
S11,2026-08-30,158.0
S11,2026-08-31,159.0
S11,2026-09-01,-999.0
S11,2026-09-02,163.0
S11,2026-09-03,175.0
S11,2026-09-04,159.0
S11,2026-09-05,158.0
S11,2026-09-06,218.0
S11,2026-09-07,152.0
S11,2026-09-08,157.0
S11,2026-09-09,162.0
S11,2026-09-10,162.0
S11,2026-09-11,161.0
S11,2026-09-12,160.0
S11,2026-09-13,164.0
S11,2026-09-14,152.0
S11,2026-09-15,155.0
S11,2026-09-16,165.0
S11,2026-09-17,167.0
S11,2026-09-18,157.0
S11,2026-09-19,172.0
S11,2026-09-20,159.0
S11,2026-09-21,153.0
S11,2026-09-22,153.0
S11,2026-09-23,171.0
S11,2026-09-24,155.0
S11,2026-09-25,172.0
S11,2026-09-26,173.0
S11,2026-09-27,162.0
S11,2026-09-28,-999.0
S11,2026-09-29,157.0
S11,2026-09-30,170.0
S11,2026-10-01,171.0
S11,2026-10-02,182.0
S11,2026-10-03,168.0
S11,2026-10-04,169.0
S11,2026-10-05,165.0
S11,2026-10-06,156.0
S11,2026-10-07,168.0
S11,2026-10-08,169.0
S11,2026-10-09,174.0
S11,2026-10-10,174.0
S11,2026-10-11,176.0
S11,2026-10-12,152.0
S11,2026-10-13,167.0
S11,2026-10-14,163.0
S11,2026-10-15,178.0
S11,2026-10-16,189.0
S11,2026-10-17,171.0
S11,2026-10-18,165.0
S11,2026-10-19,165.0
S11,2026-10-20,161.0
S11,2026-10-21,233.0
S11,2026-10-22,178.0
S11,2026-10-23,194.0
S11,2026-10-24,169.0
S11,2026-10-25,174.0
S11,2026-10-26,181.0
S11,2026-10-27,171.0
S11,2026-10-28,182.0
S12,2026-07-01,154.0
S12,2026-07-02,173.0
S12,2026-07-03,166.0
S12,2026-07-04,167.0
S12,2026-07-05,170.0
S12,2026-07-06,227.0
S12,2026-07-07,246.0
S12,2026-07-08,181.0
S12,2026-07-09,166.0
S12,2026-07-10,173.0
S12,2026-07-11,174.0
S12,2026-07-12,172.0
S12,2026-07-13,167.0
S12,2026-07-14,161.0
S12,2026-07-15,-999.0
S12,2026-07-16,170.0
S12,2026-07-17,175.0
S12,2026-07-18,174.0
S12,2026-07-19,170.0
S12,2026-07-20,173.0
S12,2026-07-21,179.0
S12,2026-07-22,170.0
S12,2026-07-23,168.0
S12,2026-07-24,171.0
S12,2026-07-25,174.0
S12,2026-07-26,176.0
S12,2026-07-27,163.0
S12,2026-07-28,179.0
S12,2026-07-29,169.0
S12,2026-07-30,182.0
S12,2026-07-31,179.0
S12,2026-08-01,179.0
S12,2026-08-02,176.0
S12,2026-08-03,165.0
S12,2026-08-04,177.0
S12,2026-08-05,168.0
S12,2026-08-06,175.0
S12,2026-08-07,184.0
S12,2026-08-08,232.0
S12,2026-08-09,251.0
S12,2026-08-10,175.0
S12,2026-08-11,164.0
S12,2026-08-12,182.0
S12,2026-08-13,179.0
S12,2026-08-14,184.0
S12,2026-08-15,182.0
S12,2026-08-16,181.0
S12,2026-08-17,179.0
S12,2026-08-18,233.0
S12,2026-08-19,178.0
S12,2026-08-20,172.0
S12,2026-08-21,188.0
S12,2026-08-22,190.0
S12,2026-08-23,183.0
S12,2026-08-24,183.0
S12,2026-08-25,190.0
S12,2026-08-26,191.0
S12,2026-08-27,196.0
S12,2026-08-28,197.0
S12,2026-08-29,181.0
S12,2026-08-30,185.0
S12,2026-08-31,180.0
S12,2026-09-01,171.0
S12,2026-09-02,184.0
S12,2026-09-03,194.0
S12,2026-09-04,191.0
S12,2026-09-05,186.0
S12,2026-09-06,179.0
S12,2026-09-07,184.0
S12,2026-09-08,181.0
S12,2026-09-09,192.0
S12,2026-09-10,196.0
S12,2026-09-11,192.0
S12,2026-09-12,182.0
S12,2026-09-13,182.0
S12,2026-09-14,194.0
S12,2026-09-15,187.0
S12,2026-09-16,196.0
S12,2026-09-17,185.0
S12,2026-09-18,222.0
S12,2026-09-19,180.0
S12,2026-09-20,190.0
S12,2026-09-21,174.0
S12,2026-09-22,281.0
S12,2026-09-23,191.0
S12,2026-09-24,188.0
S12,2026-09-25,187.0
S12,2026-09-26,196.0
S12,2026-09-27,193.0
S12,2026-09-28,182.0
S12,2026-09-29,189.0
S12,2026-09-30,196.0
S12,2026-10-01,192.0
S12,2026-10-02,195.0
S12,2026-10-03,193.0
S12,2026-10-04,186.0
S12,2026-10-05,188.0
S12,2026-10-06,180.0
S12,2026-10-07,192.0
S12,2026-10-08,195.0
S12,2026-10-09,197.0
S12,2026-10-10,199.0
S12,2026-10-11,185.0
S12,2026-10-12,184.0
S12,2026-10-13,187.0
S12,2026-10-14,187.0
S12,2026-10-15,206.0
S12,2026-10-16,196.0
S12,2026-10-17,198.0
S12,2026-10-18,189.0
S12,2026-10-19,190.0
S12,2026-10-20,196.0
S12,2026-10-21,199.0
S12,2026-10-22,195.0
S12,2026-10-23,204.0
S12,2026-10-24,195.0
S12,2026-10-25,196.0
S12,2026-10-26,191.0
S12,2026-10-27,215.0
S12,2026-10-28,209.0
S13,2026-07-01,174.0
S13,2026-07-02,175.0
S13,2026-07-03,168.0
S13,2026-07-04,155.0
S13,2026-07-05,163.0
S13,2026-07-06,152.0
S13,2026-07-07,157.0
S13,2026-07-08,161.0
S13,2026-07-09,161.0
S13,2026-07-10,170.0
S13,2026-07-11,162.0
S13,2026-07-12,162.0
S13,2026-07-13,158.0
S13,2026-07-14,165.0
S13,2026-07-15,168.0
S13,2026-07-16,167.0
S13,2026-07-17,174.0
S13,2026-07-18,176.0
S13,2026-07-19,152.0
S13,2026-07-20,160.0
S13,2026-07-21,159.0
S13,2026-07-22,164.0
S13,2026-07-23,158.0
S13,2026-07-24,159.0
S13,2026-07-25,153.0
S13,2026-07-26,164.0
S13,2026-07-27,162.0
S13,2026-07-28,175.0
S13,2026-07-29,171.0
S13,2026-07-30,160.0
S13,2026-07-31,178.0
S13,2026-08-01,297.0
S13,2026-08-02,177.0
S13,2026-08-03,-999.0
S13,2026-08-04,165.0
S13,2026-08-05,174.0
S13,2026-08-06,173.0
S13,2026-08-07,169.0
S13,2026-08-08,171.0
S13,2026-08-09,173.0
S13,2026-08-10,-999.0
S13,2026-08-11,182.0
S13,2026-08-12,174.0
S13,2026-08-13,185.0
S13,2026-08-14,177.0
S13,2026-08-15,176.0
S13,2026-08-16,172.0
S13,2026-08-17,173.0
S13,2026-08-18,178.0
S13,2026-08-19,173.0
S13,2026-08-20,174.0
S13,2026-08-21,186.0
S13,2026-08-22,184.0
S13,2026-08-23,184.0
S13,2026-08-24,169.0
S13,2026-08-25,173.0
S13,2026-08-26,184.0
S13,2026-08-27,178.0
S13,2026-08-28,186.0
S13,2026-08-29,179.0
S13,2026-08-30,179.0
S13,2026-08-31,168.0
S13,2026-09-01,177.0
S13,2026-09-02,161.0
S13,2026-09-03,191.0
S13,2026-09-04,189.0
S13,2026-09-05,177.0
S13,2026-09-06,190.0
S13,2026-09-07,184.0
S13,2026-09-08,171.0
S13,2026-09-09,179.0
S13,2026-09-10,179.0
S13,2026-09-11,189.0
S13,2026-09-12,181.0
S13,2026-09-13,169.0
S13,2026-09-14,179.0
S13,2026-09-15,186.0
S13,2026-09-16,184.0
S13,2026-09-17,191.0
S13,2026-09-18,190.0
S13,2026-09-19,191.0
S13,2026-09-20,185.0
S13,2026-09-21,180.0
S13,2026-09-22,183.0
S13,2026-09-23,301.0
S13,2026-09-24,193.0
S13,2026-09-25,180.0
S13,2026-09-26,192.0
S13,2026-09-27,185.0
S13,2026-09-28,186.0
S13,2026-09-29,185.0
S13,2026-09-30,186.0
S13,2026-10-01,182.0
S13,2026-10-02,196.0
S13,2026-10-03,193.0
S13,2026-10-04,190.0
S13,2026-10-05,192.0
S13,2026-10-06,183.0
S13,2026-10-07,189.0
S13,2026-10-08,188.0
S13,2026-10-09,191.0
S13,2026-10-10,184.0
S13,2026-10-11,-999.0
S13,2026-10-12,173.0
S13,2026-10-13,280.0
S13,2026-10-14,208.0
S13,2026-10-15,198.0
S13,2026-10-16,190.0
S13,2026-10-17,192.0
S13,2026-10-18,192.0
S13,2026-10-19,193.0
S13,2026-10-20,191.0
S13,2026-10-21,198.0
S13,2026-10-22,185.0
S13,2026-10-23,203.0
S13,2026-10-24,208.0
S13,2026-10-25,191.0
S13,2026-10-26,186.0
S13,2026-10-27,189.0
S13,2026-10-28,197.0
S14,2026-07-01,153.0
S14,2026-07-02,147.0
S14,2026-07-03,142.0
S14,2026-07-04,148.0
S14,2026-07-05,70.0
S14,2026-07-06,118.0
S14,2026-07-07,116.0
S14,2026-07-08,148.0
S14,2026-07-09,158.0
S14,2026-07-10,156.0
S14,2026-07-11,127.0
S14,2026-07-12,215.0
S14,2026-07-13,153.0
S14,2026-07-14,153.0
S14,2026-07-15,153.0
S14,2026-07-16,128.0
S14,2026-07-17,100.0
S14,2026-07-18,160.0
S14,2026-07-19,158.0
S14,2026-07-20,118.0
S14,2026-07-21,200.0
S14,2026-07-22,148.0
S14,2026-07-23,229.0
S14,2026-07-24,153.0
S14,2026-07-25,152.0
S14,2026-07-26,136.0
S14,2026-07-27,124.0
S14,2026-07-28,144.0
S14,2026-07-29,152.0
S14,2026-07-30,234.0
S14,2026-07-31,158.0
S14,2026-08-01,156.0
S14,2026-08-02,153.0
S14,2026-08-03,154.0
S14,2026-08-04,155.0
S14,2026-08-05,154.0
S14,2026-08-06,159.0
S14,2026-08-07,157.0
S14,2026-08-08,154.0
S14,2026-08-09,149.0
S14,2026-08-10,153.0
S14,2026-08-11,140.0
S14,2026-08-12,97.0
S14,2026-08-13,159.0
S14,2026-08-14,155.0
S14,2026-08-15,161.0
S14,2026-08-16,153.0
S14,2026-08-17,158.0
S14,2026-08-18,141.0
S14,2026-08-19,141.0
S14,2026-08-20,163.0
S14,2026-08-21,162.0
S14,2026-08-22,154.0
S14,2026-08-23,164.0
S14,2026-08-24,151.0
S14,2026-08-25,154.0
S14,2026-08-26,168.0
S14,2026-08-27,169.0
S14,2026-08-28,160.0
S14,2026-08-29,162.0
S14,2026-08-30,154.0
S14,2026-08-31,165.0
S14,2026-09-01,166.0
S14,2026-09-02,175.0
S14,2026-09-03,181.0
S14,2026-09-04,165.0
S14,2026-09-05,171.0
S14,2026-09-06,151.0
S14,2026-09-07,162.0
S14,2026-09-08,165.0
S14,2026-09-09,160.0
S14,2026-09-10,165.0
S14,2026-09-11,176.0
S14,2026-09-12,171.0
S14,2026-09-13,175.0
S14,2026-09-14,173.0
S14,2026-09-15,154.0
S14,2026-09-16,165.0
S14,2026-09-17,165.0
S14,2026-09-18,177.0
S14,2026-09-19,172.0
S14,2026-09-20,161.0
S14,2026-09-21,160.0
S14,2026-09-22,174.0
S14,2026-09-23,212.0
S14,2026-09-24,161.0
S14,2026-09-25,175.0
S14,2026-09-26,171.0
S14,2026-09-27,166.0
S14,2026-09-28,162.0
S14,2026-09-29,178.0
S14,2026-09-30,184.0
S14,2026-10-01,176.0
S14,2026-10-02,171.0
S14,2026-10-03,168.0
S14,2026-10-04,169.0
S14,2026-10-05,181.0
S14,2026-10-06,172.0
S14,2026-10-07,181.0
S14,2026-10-08,184.0
S14,2026-10-09,182.0
S14,2026-10-10,169.0
S14,2026-10-11,180.0
S14,2026-10-12,163.0
S14,2026-10-13,167.0
S14,2026-10-14,177.0
S14,2026-10-15,268.0
S14,2026-10-16,182.0
S14,2026-10-17,186.0
S14,2026-10-18,176.0
S14,2026-10-19,168.0
S14,2026-10-20,174.0
S14,2026-10-21,168.0
S14,2026-10-22,191.0
S14,2026-10-23,178.0
S14,2026-10-24,179.0
S14,2026-10-25,186.0
S14,2026-10-26,160.0
S14,2026-10-27,184.0
S14,2026-10-28,182.0
S15,2026-07-01,121.0
S15,2026-07-02,110.0
S15,2026-07-03,150.0
S15,2026-07-04,108.0
S15,2026-07-05,151.0
S15,2026-07-06,124.0
S15,2026-07-07,85.0
S15,2026-07-08,152.0
S15,2026-07-09,160.0
S15,2026-07-10,155.0
S15,2026-07-11,104.0
S15,2026-07-12,124.0
S15,2026-07-13,195.0
S15,2026-07-14,117.0
S15,2026-07-15,154.0
S15,2026-07-16,159.0
S15,2026-07-17,163.0
S15,2026-07-18,137.0
S15,2026-07-19,144.0
S15,2026-07-20,99.0
S15,2026-07-21,128.0
S15,2026-07-22,136.0
S15,2026-07-23,106.0
S15,2026-07-24,151.0
S15,2026-07-25,-999.0
S15,2026-07-26,156.0
S15,2026-07-27,161.0
S15,2026-07-28,120.0
S15,2026-07-29,154.0
S15,2026-07-30,160.0
S15,2026-07-31,173.0
S15,2026-08-01,152.0
S15,2026-08-02,132.0
S15,2026-08-03,137.0
S15,2026-08-04,128.0
S15,2026-08-05,159.0
S15,2026-08-06,165.0
S15,2026-08-07,161.0
S15,2026-08-08,159.0
S15,2026-08-09,163.0
S15,2026-08-10,151.0
S15,2026-08-11,159.0
S15,2026-08-12,156.0
S15,2026-08-13,153.0
S15,2026-08-14,169.0
S15,2026-08-15,162.0
S15,2026-08-16,163.0
S15,2026-08-17,157.0
S15,2026-08-18,159.0
S15,2026-08-19,-999.0
S15,2026-08-20,179.0
S15,2026-08-21,167.0
S15,2026-08-22,170.0
S15,2026-08-23,248.0
S15,2026-08-24,152.0
S15,2026-08-25,155.0
S15,2026-08-26,158.0
S15,2026-08-27,164.0
S15,2026-08-28,158.0
S15,2026-08-29,160.0
S15,2026-08-30,163.0
S15,2026-08-31,161.0
S15,2026-09-01,161.0
S15,2026-09-02,172.0
S15,2026-09-03,169.0
S15,2026-09-04,176.0
S15,2026-09-05,180.0
S15,2026-09-06,168.0
S15,2026-09-07,152.0
S15,2026-09-08,163.0
S15,2026-09-09,166.0
S15,2026-09-10,178.0
S15,2026-09-11,169.0
S15,2026-09-12,163.0
S15,2026-09-13,161.0
S15,2026-09-14,155.0
S15,2026-09-15,123.0
S15,2026-09-16,180.0
S15,2026-09-17,171.0
S15,2026-09-18,164.0
S15,2026-09-19,180.0
S15,2026-09-20,178.0
S15,2026-09-21,165.0
S15,2026-09-22,157.0
S15,2026-09-23,166.0
S15,2026-09-24,171.0
S15,2026-09-25,174.0
S15,2026-09-26,165.0
S15,2026-09-27,174.0
S15,2026-09-28,221.0
S15,2026-09-29,161.0
S15,2026-09-30,182.0
S15,2026-10-01,175.0
S15,2026-10-02,179.0
S15,2026-10-03,165.0
S15,2026-10-04,167.0
S15,2026-10-05,172.0
S15,2026-10-06,176.0
S15,2026-10-07,167.0
S15,2026-10-08,168.0
S15,2026-10-09,181.0
S15,2026-10-10,173.0
S15,2026-10-11,163.0
S15,2026-10-12,160.0
S15,2026-10-13,168.0
S15,2026-10-14,182.0
S15,2026-10-15,186.0
S15,2026-10-16,181.0
S15,2026-10-17,179.0
S15,2026-10-18,172.0
S15,2026-10-19,-999.0
S15,2026-10-20,180.0
S15,2026-10-21,179.0
S15,2026-10-22,175.0
S15,2026-10-23,190.0
S15,2026-10-24,172.0
S15,2026-10-25,183.0
S15,2026-10-26,164.0
S15,2026-10-27,191.0
S15,2026-10-28,170.0
