date,temp_c,humidity_pct,wind_kmh
2026-07-01,28.1,43.2,3.8
2026-07-02,27.8,49.4,11.3
2026-07-03,29.0,32.7,5.9
2026-07-04,27.9,50.1,6.4
2026-07-05,30.2,47.6,9.8
2026-07-06,26.7,46.5,8.0
2026-07-07,26.4,41.9,4.3
2026-07-08,25.9,48.7,1.3
2026-07-09,24.2,55.5,4.0
2026-07-10,27.7,38.9,6.1
2026-07-11,25.8,38.7,9.1
2026-07-12,29.5,46.1,8.3
2026-07-13,30.8,50.6,7.0
2026-07-14,27.4,50.2,4.8
2026-07-15,26.3,49.4,4.5
2026-07-16,26.1,47.3,8.6
2026-07-17,24.5,51.2,7.7
2026-07-18,28.2,43.5,1.4
2026-07-19,27.7,48.6,8.2
2026-07-20,25.1,51.7,8.3
2026-07-21,26.2,50.1,6.6
2026-07-22,24.7,50.8,9.6
2026-07-23,26.3,41.0,3.8
2026-07-24,22.6,54.9,7.5
2026-07-25,25.1,41.5,3.4
2026-07-26,24.7,49.3,5.7
2026-07-27,28.6,45.4,1.7
2026-07-28,23.5,48.9,3.6
2026-07-29,25.2,46.9,7.9
2026-07-30,24.5,47.5,7.2
2026-07-31,24.5,51.6,6.2
2026-08-01,25.8,44.0,8.5
2026-08-02,29.9,49.8,2.7
2026-08-03,25.4,54.9,3.8
2026-08-04,25.0,51.8,8.3
2026-08-05,26.8,54.3,4.2
2026-08-06,25.9,46.8,7.4
2026-08-07,27.3,53.3,4.3
2026-08-08,24.6,59.7,4.4
2026-08-09,27.0,52.5,4.4
2026-08-10,22.1,52.1,5.4
2026-08-11,28.3,46.8,10.9
2026-08-12,25.4,53.2,3.7
2026-08-13,25.2,53.8,7.5
2026-08-14,22.5,58.6,6.0
2026-08-15,25.6,50.6,2.8
2026-08-16,24.5,52.8,1.6
2026-08-17,25.8,57.0,3.2
2026-08-18,22.1,50.7,5.1
2026-08-19,23.6,52.0,5.6
2026-08-20,21.3,46.2,0.3
2026-08-21,25.8,52.7,7.6
2026-08-22,21.6,52.9,5.5
2026-08-23,22.6,45.2,9.3
2026-08-24,26.5,51.2,6.2
2026-08-25,22.6,48.3,9.5
2026-08-26,20.2,52.0,5.1
2026-08-27,26.7,58.0,0.7
2026-08-28,23.4,53.8,4.3
2026-08-29,24.5,46.8,3.8
2026-08-30,24.2,57.4,5.2
2026-08-31,22.5,53.6,6.6
2026-09-01,23.1,49.1,1.7
2026-09-02,20.0,61.7,6.8
2026-09-03,22.7,52.3,3.3
2026-09-04,25.0,64.3,3.2
2026-09-05,25.0,55.0,4.1
2026-09-06,25.6,55.0,5.4
2026-09-07,23.1,47.1,5.4
2026-09-08,21.4,48.2,3.3
2026-09-09,21.3,60.6,1.9
2026-09-10,20.7,56.8,1.3
2026-09-11,20.9,47.5,6.9
2026-09-12,21.6,55.9,6.8
2026-09-13,20.6,54.5,1.9
2026-09-14,19.9,51.6,3.3
2026-09-15,21.2,57.8,2.3
2026-09-16,22.5,59.0,3.3
2026-09-17,20.2,57.1,3.9
2026-09-18,22.1,64.7,4.6
2026-09-19,20.3,52.5,2.3
2026-09-20,18.6,61.8,0.3
2026-09-21,22.4,53.0,3.1
2026-09-22,19.6,64.7,4.4
2026-09-23,22.9,64.1,4.7
2026-09-24,18.8,56.6,2.4
2026-09-25,20.1,57.4,3.9
2026-09-26,21.9,60.8,3.9
2026-09-27,21.8,55.5,7.5
2026-09-28,19.7,64.3,0.5
2026-09-29,20.0,56.8,4.9
2026-09-30,22.4,52.4,1.4
2026-10-01,17.8,65.4,4.9
2026-10-02,18.4,56.7,7.1
2026-10-03,19.9,57.4,2.2
2026-10-04,18.4,65.2,8.3
2026-10-05,18.3,66.4,2.9
2026-10-06,21.3,66.6,3.7
2026-10-07,19.5,63.7,1.3
2026-10-08,22.4,60.6,2.6
2026-10-09,18.8,53.1,2.7
2026-10-10,19.4,54.8,3.9
2026-10-11,20.8,59.2,5.6
2026-10-12,18.1,65.5,4.2
2026-10-13,22.8,72.7,2.7
2026-10-14,18.7,59.5,5.4
2026-10-15,22.2,57.6,4.8
2026-10-16,19.2,64.1,7.6
2026-10-17,18.9,52.9,5.7
2026-10-18,17.6,60.6,5.8
2026-10-19,19.8,61.0,2.4
2026-10-20,13.3,65.1,3.1
2026-10-21,22.1,63.8,2.4
2026-10-22,21.1,67.7,3.2
2026-10-23,21.3,59.3,4.1
2026-10-24,19.9,66.2,5.3
2026-10-25,18.1,67.9,3.4
2026-10-26,17.5,59.8,8.5
2026-10-27,17.1,69.2,0.8
2026-10-28,19.5,64.3,7.7
